source	target
rebuntu/cpp/CMakeLists.txt	rebuntu_xxv/imports/rebuntu_4_7/CMakeLists.txt
rebuntu/cpp/include/system/automation/contracts.hpp	rebuntu_xxv/src/system/automation/contracts.hpp
rebuntu/cpp/include/system/core/contracts.hpp	rebuntu_xxv/src/system/core/contracts.hpp
rebuntu/cpp/include/system/core/results.hpp	rebuntu_xxv/src/system/core/results.hpp
rebuntu/cpp/include/system/core/version.hpp	rebuntu_xxv/src/system/core/version.hpp
rebuntu/cpp/include/system/environment/authorization.hpp	rebuntu_xxv/src/system/environment/authorization.hpp
rebuntu/cpp/include/system/environment/capability_state.hpp	rebuntu_xxv/src/system/environment/capability_state.hpp
rebuntu/cpp/include/system/environment/config_storage.hpp	rebuntu_xxv/src/system/environment/config_storage.hpp
rebuntu/cpp/include/system/environment/directories.hpp	rebuntu_xxv/src/system/environment/directories.hpp
rebuntu/cpp/include/system/environment/discovery.hpp	rebuntu_xxv/src/system/environment/discovery.hpp
rebuntu/cpp/include/system/environment/group_membership.hpp	rebuntu_xxv/src/system/environment/group_membership.hpp
rebuntu/cpp/include/system/environment/ipc.hpp	rebuntu_xxv/src/system/environment/ipc.hpp
rebuntu/cpp/include/system/environment/locks.hpp	rebuntu_xxv/src/system/environment/locks.hpp
rebuntu/cpp/include/system/environment/ownership.hpp	rebuntu_xxv/src/system/environment/ownership.hpp
rebuntu/cpp/include/system/environment/privilege.hpp	rebuntu_xxv/src/system/environment/privilege.hpp
rebuntu/cpp/include/system/environment/scope.hpp	rebuntu_xxv/src/system/environment/scope.hpp
rebuntu/cpp/include/system/environment/sessions.hpp	rebuntu_xxv/src/system/environment/sessions.hpp
rebuntu/cpp/include/system/environment/temp_files.hpp	rebuntu_xxv/src/system/environment/temp_files.hpp
rebuntu/cpp/include/system/environment/user_identity.hpp	rebuntu_xxv/src/system/environment/user_identity.hpp
rebuntu/cpp/include/system/host_foundation/README.md	rebuntu_xxv/src/system/host_foundation/README.md
rebuntu/cpp/include/system/host_foundation/contracts.hpp	rebuntu_xxv/src/system/host_foundation/contracts.hpp
rebuntu/cpp/include/system/infrastructure/ansible.hpp	rebuntu_xxv/src/system/infrastructure/ansible.hpp
rebuntu/cpp/include/system/infrastructure/container.hpp	rebuntu_xxv/src/system/infrastructure/container.hpp
rebuntu/cpp/include/system/infrastructure/contracts.hpp	rebuntu_xxv/src/system/infrastructure/contracts.hpp
rebuntu/cpp/include/system/infrastructure/docker.hpp	rebuntu_xxv/src/system/infrastructure/docker.hpp
rebuntu/cpp/include/system/infrastructure/jenkins.hpp	rebuntu_xxv/src/system/infrastructure/jenkins.hpp
rebuntu/cpp/include/system/infrastructure/packages.hpp	rebuntu_xxv/src/system/infrastructure/packages.hpp
rebuntu/cpp/include/system/infrastructure/pipeline.hpp	rebuntu_xxv/src/system/infrastructure/pipeline.hpp
rebuntu/cpp/include/system/infrastructure/provider_selection.hpp	rebuntu_xxv/src/system/infrastructure/provider_selection.hpp
rebuntu/cpp/include/system/install/contracts.hpp	rebuntu_xxv/src/system/install/contracts.hpp
rebuntu/cpp/include/system/install/forms.hpp	rebuntu_xxv/src/system/install/forms.hpp
rebuntu/cpp/include/system/install/planning.hpp	rebuntu_xxv/src/system/install/planning.hpp
rebuntu/cpp/include/system/lifecycle/contracts.hpp	rebuntu_xxv/src/system/lifecycle/contracts.hpp
rebuntu/cpp/include/system/runtime/README.md	rebuntu_xxv/src/system/runtime/README.md
rebuntu/cpp/include/system/runtime/config.hpp	rebuntu_xxv/src/system/runtime/config.hpp
rebuntu/cpp/include/system/runtime/contracts.hpp	rebuntu_xxv/src/system/runtime/contracts.hpp
rebuntu/cpp/include/system/runtime/controller.hpp	rebuntu_xxv/src/system/runtime/controller.hpp
rebuntu/cpp/include/system/runtime/discovery.hpp	rebuntu_xxv/src/system/runtime/discovery.hpp
rebuntu/cpp/include/system/runtime/dispatcher.hpp	rebuntu_xxv/src/system/runtime/dispatcher.hpp
rebuntu/cpp/include/system/runtime/engine.hpp	rebuntu_xxv/src/system/runtime/engine.hpp
rebuntu/cpp/include/system/runtime/executor.hpp	rebuntu_xxv/src/system/runtime/executor.hpp
rebuntu/cpp/include/system/runtime/initialization.hpp	rebuntu_xxv/src/system/runtime/initialization.hpp
rebuntu/cpp/include/system/runtime/ipc.hpp	rebuntu_xxv/src/system/runtime/ipc.hpp
rebuntu/cpp/include/system/runtime/preferences.hpp	rebuntu_xxv/src/system/runtime/preferences.hpp
rebuntu/cpp/include/system/runtime/results.hpp	rebuntu_xxv/src/system/runtime/results.hpp
rebuntu/cpp/include/system/runtime/runner.hpp	rebuntu_xxv/src/system/runtime/runner.hpp
rebuntu/cpp/include/system/runtime/settings.hpp	rebuntu_xxv/src/system/runtime/settings.hpp
rebuntu/cpp/include/system/runtime/streams.hpp	rebuntu_xxv/src/system/runtime/streams.hpp
rebuntu/cpp/include/system/runtime/work.hpp	rebuntu_xxv/src/system/runtime/work.hpp
rebuntu/cpp/include/system/runtime/workflow.hpp	rebuntu_xxv/src/system/runtime/workflow.hpp
rebuntu/cpp/include/system/semantic/ipc.hpp	rebuntu_xxv/src/system/semantic/ipc.hpp
rebuntu/cpp/include/system/semantic/provider.hpp	rebuntu_xxv/src/system/semantic/provider.hpp
rebuntu/cpp/include/system/semantic/service.hpp	rebuntu_xxv/src/system/semantic/service.hpp
rebuntu/cpp/include/system/setup/contracts.hpp	rebuntu_xxv/src/system/setup/contracts.hpp
rebuntu/cpp/include/system/setup/profile.hpp	rebuntu_xxv/src/system/setup/profile.hpp
rebuntu/cpp/include/system/state/provider.hpp	rebuntu_xxv/src/system/state/provider.hpp
rebuntu/cpp/include/system/testing/adversarial.hpp	rebuntu_xxv/src/system/testing/adversarial.hpp
rebuntu/cpp/include/system/testing/contracts.hpp	rebuntu_xxv/src/system/testing/contracts.hpp
rebuntu/cpp/include/system/testing/fixtures.hpp	rebuntu_xxv/src/system/testing/fixtures.hpp
rebuntu/cpp/src/authorization.cpp	rebuntu_xxv/src/system/environment/authorization.cpp
rebuntu/cpp/src/automation.cpp	rebuntu_xxv/src/system/automation/automation.cpp
rebuntu/cpp/src/capability_state.cpp	rebuntu_xxv/src/system/environment/capability_state.cpp
rebuntu/cpp/src/cli.cpp	rebuntu_xxv/src/operator/cli/rebuntu_4_7/cli.cpp
rebuntu/cpp/src/cli.hpp	rebuntu_xxv/src/operator/cli/rebuntu_4_7/cli.hpp
rebuntu/cpp/src/config_storage.cpp	rebuntu_xxv/src/system/environment/config_storage.cpp
rebuntu/cpp/src/directories.cpp	rebuntu_xxv/src/system/environment/directories.cpp
rebuntu/cpp/src/discovery.cpp	rebuntu_xxv/src/system/runtime/discovery.cpp
rebuntu/cpp/src/engine.cpp	rebuntu_xxv/src/system/runtime/engine.cpp
rebuntu/cpp/src/environment_discovery.cpp	rebuntu_xxv/src/system/environment/environment_discovery.cpp
rebuntu/cpp/src/executor.cpp	rebuntu_xxv/src/system/runtime/executor.cpp
rebuntu/cpp/src/group_membership.cpp	rebuntu_xxv/src/system/environment/group_membership.cpp
rebuntu/cpp/src/host_foundation.cpp	rebuntu_xxv/src/system/host_foundation/host_foundation.cpp
rebuntu/cpp/src/infrastructure.cpp	rebuntu_xxv/src/system/infrastructure/infrastructure.cpp
rebuntu/cpp/src/infrastructure/ansible_provider.cpp	rebuntu_xxv/src/system/infrastructure/ansible_provider.cpp
rebuntu/cpp/src/infrastructure/docker_provider.cpp	rebuntu_xxv/src/system/infrastructure/docker_provider.cpp
rebuntu/cpp/src/infrastructure/jenkins_provider.cpp	rebuntu_xxv/src/system/infrastructure/jenkins_provider.cpp
rebuntu/cpp/src/infrastructure/packages.cpp	rebuntu_xxv/src/system/infrastructure/packages.cpp
rebuntu/cpp/src/infrastructure/pipeline_provider.cpp	rebuntu_xxv/src/system/infrastructure/pipeline_provider.cpp
rebuntu/cpp/src/infrastructure/provider_selection.cpp	rebuntu_xxv/src/system/infrastructure/provider_selection.cpp
rebuntu/cpp/src/install.cpp	rebuntu_xxv/src/system/install/install.cpp
rebuntu/cpp/src/install_planning.cpp	rebuntu_xxv/src/system/install/install_planning.cpp
rebuntu/cpp/src/ipc.cpp	rebuntu_xxv/src/system/environment/ipc.cpp
rebuntu/cpp/src/lifecycle.cpp	rebuntu_xxv/src/system/lifecycle/lifecycle.cpp
rebuntu/cpp/src/locks.cpp	rebuntu_xxv/src/system/environment/locks.cpp
rebuntu/cpp/src/main.cpp	rebuntu_xxv/src/operator/cli/rebuntu_4_7/main.cpp
rebuntu/cpp/src/ownership.cpp	rebuntu_xxv/src/system/environment/ownership.cpp
rebuntu/cpp/src/privilege.cpp	rebuntu_xxv/src/system/environment/privilege.cpp
rebuntu/cpp/src/profile.cpp	rebuntu_xxv/src/system/setup/profile.cpp
rebuntu/cpp/src/provider_procfs.cpp	rebuntu_xxv/src/system/state/provider_procfs.cpp
rebuntu/cpp/src/provider_sysfs.cpp	rebuntu_xxv/src/system/state/provider_sysfs.cpp
rebuntu/cpp/src/provider_systemd.cpp	rebuntu_xxv/src/system/state/provider_systemd.cpp
rebuntu/cpp/src/runtime/controller.cpp	rebuntu_xxv/src/system/runtime/controller.cpp
rebuntu/cpp/src/runtime/dispatcher.cpp	rebuntu_xxv/src/system/runtime/dispatcher.cpp
rebuntu/cpp/src/runtime/initialization.cpp	rebuntu_xxv/src/system/runtime/initialization.cpp
rebuntu/cpp/src/runtime/runner.cpp	rebuntu_xxv/src/system/runtime/runner.cpp
rebuntu/cpp/src/scope.cpp	rebuntu_xxv/src/system/environment/scope.cpp
rebuntu/cpp/src/semantic/bitnet_provider.cpp	rebuntu_xxv/src/system/semantic/bitnet_provider.cpp
rebuntu/cpp/src/semantic/ipc_client.cpp	rebuntu_xxv/src/system/semantic/ipc_client.cpp
rebuntu/cpp/src/semantic/ipc_transport.cpp	rebuntu_xxv/src/system/semantic/ipc_transport.cpp
rebuntu/cpp/src/semantic/service.cpp	rebuntu_xxv/src/system/semantic/service.cpp
rebuntu/cpp/src/sessions.cpp	rebuntu_xxv/src/system/environment/sessions.cpp
rebuntu/cpp/src/setup.cpp	rebuntu_xxv/src/system/setup/setup.cpp
rebuntu/cpp/src/temp_files.cpp	rebuntu_xxv/src/system/environment/temp_files.cpp
rebuntu/cpp/src/user_identity.cpp	rebuntu_xxv/src/system/environment/user_identity.cpp
rebuntu/cpp/tests/CMakeLists.txt	rebuntu_xxv/tests/imported/rebuntu_4_7/CMakeLists.txt
rebuntu/cpp/tests/test_ansible_provider.cpp	rebuntu_xxv/tests/imported/rebuntu_4_7/test_ansible_provider.cpp
rebuntu/cpp/tests/test_authorization.cpp	rebuntu_xxv/tests/imported/rebuntu_4_7/test_authorization.cpp
rebuntu/cpp/tests/test_automation.cpp	rebuntu_xxv/tests/imported/rebuntu_4_7/test_automation.cpp
rebuntu/cpp/tests/test_capability_state.cpp	rebuntu_xxv/tests/imported/rebuntu_4_7/test_capability_state.cpp
rebuntu/cpp/tests/test_cli.cpp	rebuntu_xxv/tests/imported/rebuntu_4_7/test_cli.cpp
rebuntu/cpp/tests/test_config_storage.cpp	rebuntu_xxv/tests/imported/rebuntu_4_7/test_config_storage.cpp
rebuntu/cpp/tests/test_container_runtime.cpp	rebuntu_xxv/tests/imported/rebuntu_4_7/test_container_runtime.cpp
rebuntu/cpp/tests/test_contracts.cpp	rebuntu_xxv/tests/imported/rebuntu_4_7/test_contracts.cpp
rebuntu/cpp/tests/test_controller.cpp	rebuntu_xxv/tests/imported/rebuntu_4_7/test_controller.cpp
rebuntu/cpp/tests/test_directories.cpp	rebuntu_xxv/tests/imported/rebuntu_4_7/test_directories.cpp
rebuntu/cpp/tests/test_discovery.cpp	rebuntu_xxv/tests/imported/rebuntu_4_7/test_discovery.cpp
rebuntu/cpp/tests/test_discovery_env.cpp	rebuntu_xxv/tests/imported/rebuntu_4_7/test_discovery_env.cpp
rebuntu/cpp/tests/test_dispatcher.cpp	rebuntu_xxv/tests/imported/rebuntu_4_7/test_dispatcher.cpp
rebuntu/cpp/tests/test_docker_provider.cpp	rebuntu_xxv/tests/imported/rebuntu_4_7/test_docker_provider.cpp
rebuntu/cpp/tests/test_engine.cpp	rebuntu_xxv/tests/imported/rebuntu_4_7/test_engine.cpp
rebuntu/cpp/tests/test_executor.cpp	rebuntu_xxv/tests/imported/rebuntu_4_7/test_executor.cpp
rebuntu/cpp/tests/test_executor_integration.cpp	rebuntu_xxv/tests/imported/rebuntu_4_7/test_executor_integration.cpp
rebuntu/cpp/tests/test_forms.cpp	rebuntu_xxv/tests/imported/rebuntu_4_7/test_forms.cpp
rebuntu/cpp/tests/test_host_foundation.cpp	rebuntu_xxv/tests/imported/rebuntu_4_7/test_host_foundation.cpp
rebuntu/cpp/tests/test_infrastructure.cpp	rebuntu_xxv/tests/imported/rebuntu_4_7/test_infrastructure.cpp
rebuntu/cpp/tests/test_initialization.cpp	rebuntu_xxv/tests/imported/rebuntu_4_7/test_initialization.cpp
rebuntu/cpp/tests/test_install_planning.cpp	rebuntu_xxv/tests/imported/rebuntu_4_7/test_install_planning.cpp
rebuntu/cpp/tests/test_ipc_protocol.cpp	rebuntu_xxv/tests/imported/rebuntu_4_7/test_ipc_protocol.cpp
rebuntu/cpp/tests/test_lifecycle.cpp	rebuntu_xxv/tests/imported/rebuntu_4_7/test_lifecycle.cpp
rebuntu/cpp/tests/test_locks.cpp	rebuntu_xxv/tests/imported/rebuntu_4_7/test_locks.cpp
rebuntu/cpp/tests/test_operations.cpp	rebuntu_xxv/tests/imported/rebuntu_4_7/test_operations.cpp
rebuntu/cpp/tests/test_packages.cpp	rebuntu_xxv/tests/imported/rebuntu_4_7/test_packages.cpp
rebuntu/cpp/tests/test_pipeline_provider.cpp	rebuntu_xxv/tests/imported/rebuntu_4_7/test_pipeline_provider.cpp
rebuntu/cpp/tests/test_preferences.cpp	rebuntu_xxv/tests/imported/rebuntu_4_7/test_preferences.cpp
rebuntu/cpp/tests/test_privilege.cpp	rebuntu_xxv/tests/imported/rebuntu_4_7/test_privilege.cpp
rebuntu/cpp/tests/test_profile.cpp	rebuntu_xxv/tests/imported/rebuntu_4_7/test_profile.cpp
rebuntu/cpp/tests/test_provider_selection.cpp	rebuntu_xxv/tests/imported/rebuntu_4_7/test_provider_selection.cpp
rebuntu/cpp/tests/test_results.cpp	rebuntu_xxv/tests/imported/rebuntu_4_7/test_results.cpp
rebuntu/cpp/tests/test_runner.cpp	rebuntu_xxv/tests/imported/rebuntu_4_7/test_runner.cpp
rebuntu/cpp/tests/test_runtime_contracts.cpp	rebuntu_xxv/tests/imported/rebuntu_4_7/test_runtime_contracts.cpp
rebuntu/cpp/tests/test_runtime_contracts.cpp.bak	rebuntu_xxv/tests/imported/rebuntu_4_7/test_runtime_contracts.cpp.bak
rebuntu/cpp/tests/test_scope.cpp	rebuntu_xxv/tests/imported/rebuntu_4_7/test_scope.cpp
rebuntu/cpp/tests/test_semantic_provider.cpp	rebuntu_xxv/tests/imported/rebuntu_4_7/test_semantic_provider.cpp
rebuntu/cpp/tests/test_sessions.cpp	rebuntu_xxv/tests/imported/rebuntu_4_7/test_sessions.cpp
rebuntu/cpp/tests/test_settings.cpp	rebuntu_xxv/tests/imported/rebuntu_4_7/test_settings.cpp
rebuntu/cpp/tests/test_setup.cpp	rebuntu_xxv/tests/imported/rebuntu_4_7/test_setup.cpp
rebuntu/cpp/tests/test_state_provider.cpp	rebuntu_xxv/tests/imported/rebuntu_4_7/test_state_provider.cpp
rebuntu/cpp/tests/test_temp_files.cpp	rebuntu_xxv/tests/imported/rebuntu_4_7/test_temp_files.cpp
rebuntu/cpp/tests/test_testing_infrastructure.cpp	rebuntu_xxv/tests/imported/rebuntu_4_7/test_testing_infrastructure.cpp
rebuntu/cpp/tests/test_work.cpp	rebuntu_xxv/tests/imported/rebuntu_4_7/test_work.cpp
rebuntu/cpp/tests/test_workflow.cpp	rebuntu_xxv/tests/imported/rebuntu_4_7/test_workflow.cpp
rebuntu/src/adapters/README.md	rebuntu_xxv/src/adapters/README.md
rebuntu/src/adapters/procfs/state_provider.hpp	rebuntu_xxv/src/adapters/procfs/state_provider.hpp
rebuntu/src/adapters/sysfs/state_provider.hpp	rebuntu_xxv/src/adapters/sysfs/state_provider.hpp
rebuntu/src/adapters/systemd/state_provider.hpp	rebuntu_xxv/src/adapters/systemd/state_provider.hpp
rebuntu/src/interfaces/README.md	rebuntu_xxv/src/interfaces/README.md
rebuntu/src/interfaces/state_provider.hpp	rebuntu_xxv/src/interfaces/state_provider.hpp
rebuntu/src/support/README.md	rebuntu_xxv/src/support/README.md
rebuntu/src/system/README.md	rebuntu_xxv/src/system/README.md
rebuntu/src/system/core/README.md	rebuntu_xxv/src/system/core/README.md
rebuntu/src/system/environment/README.md	rebuntu_xxv/src/system/environment/README.md
rebuntu/src/system/runtime/README.md	rebuntu_xxv/src/system/runtime/README.md
rebuntu/src/system/shell/README.md	rebuntu_xxv/src/system/shell/README.md
rebuntu/src/system/shell/scripts/AGENTS.md	rebuntu_xxv/src/system/shell/scripts/AGENTS.md
rebuntu/src/system/shell/scripts/SOURCES_INDEX.md	rebuntu_xxv/src/system/shell/scripts/SOURCES_INDEX.md
rebuntu/src/system/shell/sources/AGENTS.md	rebuntu_xxv/src/system/shell/sources/AGENTS.md
rebuntu/src/system/shell/sources/COMPLETION_CHECKLIST.md	rebuntu_xxv/src/system/shell/sources/COMPLETION_CHECKLIST.md
rebuntu/src/system/shell/sources/README.md	rebuntu_xxv/src/system/shell/sources/README.md
rebuntu/src/system/shell/sources/SOURCES_INDEX.md	rebuntu_xxv/src/system/shell/sources/SOURCES_INDEX.md
rebuntu/src/system/shell/sources/administration/_init.sh	rebuntu_xxv/src/system/shell/sources/administration/_init.sh
rebuntu/src/system/shell/sources/configuration/_init.sh	rebuntu_xxv/src/system/shell/sources/configuration/_init.sh
rebuntu/src/system/shell/sources/construction/_init.sh	rebuntu_xxv/src/system/shell/sources/construction/_init.sh
rebuntu/src/system/shell/sources/coordination/_init.sh	rebuntu_xxv/src/system/shell/sources/coordination/_init.sh
rebuntu/src/system/shell/sources/coordination/test_coord.sh	rebuntu_xxv/src/system/shell/sources/coordination/test_coord.sh
rebuntu/src/system/shell/sources/execution/_init.sh	rebuntu_xxv/src/system/shell/sources/execution/_init.sh
rebuntu/src/system/shell/sources/execution/test_exec.sh	rebuntu_xxv/src/system/shell/sources/execution/test_exec.sh
rebuntu/src/system/shell/sources/filesystem/_init.sh	rebuntu_xxv/src/system/shell/sources/filesystem/_init.sh
rebuntu/src/system/shell/sources/filesystem/test_fs.sh	rebuntu_xxv/src/system/shell/sources/filesystem/test_fs.sh
rebuntu/src/system/shell/sources/flow/_init.sh	rebuntu_xxv/src/system/shell/sources/flow/_init.sh
rebuntu/src/system/shell/sources/flow/test_flow.sh	rebuntu_xxv/src/system/shell/sources/flow/test_flow.sh
rebuntu/src/system/shell/sources/information/_init.sh	rebuntu_xxv/src/system/shell/sources/information/_init.sh
rebuntu/src/system/shell/sources/information/test_info.sh	rebuntu_xxv/src/system/shell/sources/information/test_info.sh
rebuntu/src/system/shell/sources/input/_init.sh	rebuntu_xxv/src/system/shell/sources/input/_init.sh
rebuntu/src/system/shell/sources/input/test_input.sh	rebuntu_xxv/src/system/shell/sources/input/test_input.sh
rebuntu/src/system/shell/sources/output/_init.sh	rebuntu_xxv/src/system/shell/sources/output/_init.sh
rebuntu/src/system/shell/sources/output/test_output.sh	rebuntu_xxv/src/system/shell/sources/output/test_output.sh
rebuntu/src/system/shell/sources/parsing/_init.sh	rebuntu_xxv/src/system/shell/sources/parsing/_init.sh
rebuntu/src/system/shell/sources/parsing/test_parsing.sh	rebuntu_xxv/src/system/shell/sources/parsing/test_parsing.sh
rebuntu/src/system/shell/sources/paths/README.md	rebuntu_xxv/src/system/shell/sources/paths/README.md
rebuntu/src/system/shell/sources/paths/_init.sh	rebuntu_xxv/src/system/shell/sources/paths/_init.sh
rebuntu/src/system/shell/sources/paths/test_paths.sh	rebuntu_xxv/src/system/shell/sources/paths/test_paths.sh
rebuntu/src/system/shell/sources/processes/_init.sh	rebuntu_xxv/src/system/shell/sources/processes/_init.sh
rebuntu/src/system/shell/sources/processes/test_processes.sh	rebuntu_xxv/src/system/shell/sources/processes/test_processes.sh
rebuntu/src/system/shell/sources/requests/_init.sh	rebuntu_xxv/src/system/shell/sources/requests/_init.sh
rebuntu/src/system/shell/sources/requests/test_requests.sh	rebuntu_xxv/src/system/shell/sources/requests/test_requests.sh
rebuntu/src/system/shell/sources/security/_init.sh	rebuntu_xxv/src/system/shell/sources/security/_init.sh
rebuntu/src/system/shell/sources/security/test_security.sh	rebuntu_xxv/src/system/shell/sources/security/test_security.sh
rebuntu/src/system/shell/sources/sources.sh	rebuntu_xxv/src/system/shell/sources/sources.sh
rebuntu/src/system/shell/sources/state/_init.sh	rebuntu_xxv/src/system/shell/sources/state/_init.sh
rebuntu/src/system/shell/sources/state/test_state.sh	rebuntu_xxv/src/system/shell/sources/state/test_state.sh
rebuntu/src/system/shell/sources/structures/_init.sh	rebuntu_xxv/src/system/shell/sources/structures/_init.sh
rebuntu/src/system/shell/sources/structures/test_structures.sh	rebuntu_xxv/src/system/shell/sources/structures/test_structures.sh
rebuntu/src/system/shell/sources/text/README.md	rebuntu_xxv/src/system/shell/sources/text/README.md
rebuntu/src/system/shell/sources/text/_init.sh	rebuntu_xxv/src/system/shell/sources/text/_init.sh
rebuntu/src/system/shell/sources/text/test_text.sh	rebuntu_xxv/src/system/shell/sources/text/test_text.sh
rebuntu/src/system/shell/sources/time/_init.sh	rebuntu_xxv/src/system/shell/sources/time/_init.sh
rebuntu/src/system/shell/sources/time/test_time.sh	rebuntu_xxv/src/system/shell/sources/time/test_time.sh
rebuntu/src/system/shell/sources/verification/_init.sh	rebuntu_xxv/src/system/shell/sources/verification/_init.sh
rebuntu/src/system/shell/sources/verification/test_verification.sh	rebuntu_xxv/src/system/shell/sources/verification/test_verification.sh
rebuntu/src/system/state/README.md	rebuntu_xxv/src/system/state/README.md
rebuntu/src/system/units/README.md	rebuntu_xxv/src/system/units/README.md
